report_id,pdf_file,baseline_output
3d990803-6fc8-4cd4-81fc-91e59a3abdc0,3d990803-6fc8-4cd4-81fc-91e59a3abdc0.pdf,"This report summarizes the laboratory findings for Mr. Harsh Bhaskerwar, an 18-year-old male, based on tests conducted on November 24, 2023.

The overall results show several parameters within the normal range, but there are notable deviations in the Thyroid Stimulating Hormone (TSH) and certain Red Blood Cell (RBC) indices.

---

## 1. Key Abnormal Findings

The following results are outside the established biological reference intervals:

### A. Thyroid Function
| Test Name | Obtained Value | Units | Reference Interval | Interpretation |
| :--- | :--- | :--- | :--- | :--- |
| **TSH** | **5.84** | µIU/mL | 0.38 - 5.33 | **High.** This elevated TSH level suggests the possibility of **Subclinical Hypothyroidism**. Further evaluation, such as testing Free T4 and clinical correlation, is recommended. |

### B. Complete Blood Count (CBC) - Red Blood Cell Indices
While Haemoglobin and the total RBC count are normal, the indices that measure the size and content of the red blood cells are abnormal, indicating a condition known as Macrocytosis.

| Test Name | Obtained Value | Units | Reference Interval | Interpretation |
| :--- | :--- | :--- | :--- | :--- |
| **MCV** (Mean Corpuscular Volume) | **108.8** | fL | 83 - 101 | **High.** Indicates that the red blood cells are larger than normal (Macrocytosis). |
| **MCH** (Mean Corpuscular Hemoglobin) | **33.8** | pg | 27 - 32 | **High.** Consistent with larger cells carrying more hemoglobin. |
| **MCHC** (Mean Corpuscular Hemoglobin Concentration) | **31.1** | g/dL | 31.5 - 34.5 | **Low.** Indicates a slightly lower concentration of hemoglobin relative to the cell volume (mild hypochromia). |
| **RDW-CV** (Red Cell Distribution Width) | **15.1** | % | 11.6 - 14.0 | **High.** Indicates significant variation in the size of the red blood cells (Anisocytosis). |

**CBC Summary:** The pattern of high MCV and RDW suggests **Macrocytosis**. Common causes for this finding include Vitamin B12 or Folate deficiency, certain medications, or underlying liver conditions. The laboratory remark also notes ""few Macrocytes.""

### C. Kidney Function Markers (Slightly Low)
| Test Name | Obtained Value | Units | Reference Interval | Interpretation |
| :--- | :--- | :--- | :--- | :--- |
| **Urea** | **14.6** | mg/dL | 18.0 - 45.0 | **Low.** |
| **Creatinine** | **0.6** | mg/dL | 0.72 - 1.18 | **Low.** |

**Kidney Marker Summary:** Both Urea and Creatinine are slightly below the reference range. Low creatinine in an 18-year-old male is often related to lower muscle mass or high hydration and is typically not a cause for concern unless there are clinical symptoms of malnutrition or severe liver disease (which is not suggested by other results). The Urea/Creatinine Ratio (23."
